User Id,Name,phone,created at,updated at,updated_by
1,Tito,Lucienne@alden.biz,17/04/21 09:43,17/04/21 09:43,ravi
2,Araceli,Rodolfo@micaela.io,17/04/21 09:43,17/04/21 09:43,ajay
3,Lilliana,Noble@jacinthe.info,17/04/21 09:43,17/04/21 09:43,megha
4,Mattie,Valerie_Hessel@zena.name,17/04/21 09:43,17/04/21 09:43,nidhi
5,Elvis,Mazie.Zieme@dino.org,17/04/21 09:43,17/04/21 09:43,ajay
6,Tamia,Milo_Runte@pascale.net,17/04/21 09:44,17/04/21 09:44,ajay
7,Leann,Scotty@javier.tv,17/04/21 09:44,17/04/21 09:44,ravi
8,Chase,Emerald@rickey.biz,17/04/21 09:45,17/04/21 09:45,megha
9,Delilah,Yessenia@korey.name,17/04/21 09:45,17/04/21 09:45,megha
10,Darrin,Hallie.Shanahan@adrain.us,17/04/21 09:48,17/04/21 09:48,nidhi
11,Lia,Herminio@maurine.net,17/04/21 09:48,17/04/21 09:48,megha
12,Landen,Kaya.Hyatt@camren.io,17/04/21 09:48,17/04/21 09:48,nidhi
13,Gerard,Jarrell@juliana.tv,17/04/21 09:50,17/04/21 09:50,ravi
14,Brycen,Alicia_Stanton@montana.co.uk,17/04/21 09:52,17/04/21 09:52,ravi
15,Kayden,Gust@arlie.name,17/04/21 09:52,17/04/21 09:52,ravi
16,River,Jolie@rita.biz,17/04/21 09:52,17/04/21 09:52,nidhi
17,Louvenia,Jerrod@maci.name,17/04/21 09:52,17/04/21 09:52,nidhi
18,Macie,Trevor.Prosacco@alfredo.info,17/04/21 09:55,17/04/21 09:55,nidhi
19,Angel,Ibrahim@trycia.org,17/04/21 09:55,17/04/21 09:55,megha
20,Kieran,Rico@brad.biz,17/04/21 09:55,17/04/21 09:55,raj
21,Christ,Monique_Wolff@liza.net,17/04/21 09:59,17/04/21 09:59,ajay
22,Erin,Gaylord_Dare@rubie.biz,17/04/21 09:59,17/04/21 09:59,megha
23,Adrianna,Johnpaul@leta.net,17/04/21 10:01,17/04/21 10:01,nidhi
24,Brook,Carrie@hazle.co.uk,17/04/21 10:04,17/04/21 10:04,megha
25,Maymie,Junior@eloy.co.uk,17/04/21 10:05,17/04/21 10:05,ravi
26,Blair,Cameron_Oberbrunner@hanna.me,17/04/21 10:05,17/04/21 10:05,ajay
27,Susan,Dariana@shyanne.net,17/04/21 10:06,17/04/21 10:06,nidhi
28,Elfrieda,Bernhard@arden.tv,17/04/21 10:07,17/04/21 10:07,ravi
29,Devonte,Alexane_Klein@lavon.name,17/04/21 10:07,17/04/21 10:07,ravi
30,Winifred,Allie@richie.name,17/04/21 10:08,17/04/21 10:08,nidhi
31,Travon,Deondre.Schultz@trace.info,17/04/21 10:08,17/04/21 10:08,raj
32,Emmie,Hilbert.Rempel@dayna.info,17/04/21 10:14,17/04/21 10:14,ajay
33,Magali,Dudley.Davis@alek.io,17/04/21 10:16,17/04/21 10:16,ajay
34,Evelyn,Melba@terrill.us,17/04/21 10:16,17/04/21 10:16,ajay
35,Maeve,Elnora_Wintheiser@judah.net,17/04/21 10:23,17/04/21 10:23,ravi
36,Ismael,Roderick.Collier@dustin.com,17/04/21 10:24,17/04/21 10:24,megha
37,Elvis,Elwyn_Weissnat@lance.biz,17/04/21 10:25,17/04/21 10:25,ajay
38,Troy,Freda@juliet.name,17/04/21 10:26,17/04/21 10:26,nidhi
39,Vena,Kamille_Olson@kyler.me,17/04/21 10:26,17/04/21 10:26,raj
40,Serena,Gage@tito.ca,17/04/21 10:26,17/04/21 10:26,megha
41,Louisa,Christa.Howe@jane.net,17/04/21 10:26,17/04/21 10:26,megha
42,Antwon,Art_Thompson@haylie.me,17/04/21 10:28,17/04/21 10:28,ravi
43,Alisha,Oda.Kuvalis@jocelyn.co.uk,17/04/21 10:29,17/04/21 10:29,ravi
44,Maryse,Junius_Grimes@jade.ca,17/04/21 10:29,17/04/21 10:29,raj
45,Zoey,Maximilian.Goldner@jamison.info,17/04/21 10:31,17/04/21 10:31,ajay
46,Cleo,Steve@elton.com,17/04/21 10:31,17/04/21 10:31,ravi
47,Emmitt,Rhett@ima.me,17/04/21 10:31,17/04/21 10:31,raj
48,Crystel,Sheridan@madyson.biz,17/04/21 10:33,17/04/21 10:33,raj
49,Belle,Lauren.Roob@allison.biz,17/04/21 10:34,17/04/21 10:34,megha
50,Coty,Woodrow@libby.co.uk,17/04/21 10:34,17/04/21 10:34,nidhi
51,Ebony,Kyra@mallory.info,17/04/21 10:34,17/04/21 10:34,megha
52,Robert,Idell.Willms@glenda.com,17/04/21 10:34,17/04/21 10:34,ravi
53,Isai,Dulce.Zemlak@kelvin.me,17/04/21 10:34,17/04/21 10:34,raj
54,Guiseppe,Maymie@diamond.org,17/04/21 10:35,17/04/21 10:35,megha
55,Jamar,Branson.Torp@irma.me,17/04/21 10:35,17/04/21 10:35,ravi
56,Barney,Leone_Douglas@irwin.net,17/04/21 10:37,17/04/21 10:37,ajay
57,Gennaro,Grayce.Friesen@neil.info,17/04/21 10:39,17/04/21 10:39,megha
58,Jayson,Margarita.Dach@dan.biz,17/04/21 10:39,17/04/21 10:39,ajay
59,Kennedi,Ned.Wolff@keyshawn.com,17/04/21 10:40,17/04/21 10:40,ajay
60,Eugene,Halie@dean.me,17/04/21 10:40,17/04/21 10:40,ravi
61,Rachel,Christ_Smitham@hannah.biz,17/04/21 10:40,17/04/21 10:40,ajay
62,Ezequiel,Clifford@annie.tv,17/04/21 10:40,17/04/21 10:40,raj
63,Herminia,Margaretta.Lowe@erin.info,17/04/21 10:41,17/04/21 10:41,ajay
64,Lilliana,Grayce_Lemke@jessika.info,17/04/21 10:42,17/04/21 10:42,ajay
65,Judy,Mackenzie@corbin.us,17/04/21 10:42,17/04/21 10:42,nidhi
66,Alba,Ana@durward.biz,17/04/21 10:43,17/04/21 10:43,megha
67,Kory,Marcelina_Romaguera@randy.io,17/04/21 10:43,17/04/21 10:43,megha
68,Ansley,Virgie.Berge@watson.io,17/04/21 10:44,17/04/21 10:44,ajay
69,Jess,Elyssa@abe.name,17/04/21 10:44,17/04/21 10:44,megha
70,Mabel,Kari@palma.me,17/04/21 10:44,17/04/21 10:44,megha
71,Bertrand,Libbie@elvera.biz,17/04/21 10:44,17/04/21 10:44,megha
72,Herman,Keara_Cassin@ellen.biz,17/04/21 10:45,17/04/21 10:45,ravi
73,Lila,Alexa@lempi.com,17/04/21 10:45,17/04/21 10:45,nidhi
74,Demarco,June.Kiehn@morton.biz,17/04/21 10:45,17/04/21 10:45,nidhi
75,Marcelino,Marlin.Ruecker@isaiah.tv,17/04/21 10:45,17/04/21 10:45,ajay
76,Johann,Oda.Moen@declan.name,17/04/21 10:45,17/04/21 10:45,ravi
77,Taryn,Zena@hailee.biz,17/04/21 10:50,17/04/21 10:50,megha
78,Kathlyn,Kathleen@mallie.org,17/04/21 10:52,17/04/21 10:52,ajay
79,Geovany,Willis@kay.name,17/04/21 10:54,17/04/21 10:54,nidhi
80,Jason,Khalil.OKon@irwin.tv,17/04/21 10:55,17/04/21 10:55,nidhi
81,Ubaldo,Austyn_Langosh@shania.name,17/04/21 10:56,17/04/21 10:56,ravi
82,Alice,Rhoda_Hagenes@gussie.biz,17/04/21 10:57,17/04/21 10:57,nidhi
83,Aubrey,Fidel.Raynor@christop.com,17/04/21 10:59,17/04/21 10:59,nidhi
84,Grayson,Paris_Legros@myriam.co.uk,17/04/21 10:59,17/04/21 10:59,megha
85,Salvatore,Schuyler@cleora.org,17/04/21 10:59,17/04/21 10:59,ravi
86,Edgar,Ruby_Pagac@niko.tv,17/04/21 11:01,17/04/21 11:01,nidhi
87,Judson,Jamie@gunnar.com,17/04/21 11:02,17/04/21 11:02,megha
88,Alaina,Madeline_Emard@randal.net,17/04/21 11:02,17/04/21 11:02,ajay
89,Rosella,Brycen.Schamberger@nikita.us,17/04/21 11:03,17/04/21 11:03,megha
90,Francesco,Wilhelmine@mervin.org,17/04/21 11:03,17/04/21 11:03,ajay
91,Carlos,Abbey.McClure@elaina.biz,17/04/21 11:03,17/04/21 11:03,ravi
92,Felix,Ola.Bailey@emely.org,17/04/21 11:03,17/04/21 11:03,nidhi
93,Tristian,Gus_Wilkinson@ona.com,17/04/21 11:04,17/04/21 11:04,megha
94,Juston,Reanna_Cassin@kelsi.com,17/04/21 11:04,17/04/21 11:04,ajay
95,Mallie,Lisandro_Rippin@hillard.net,17/04/21 11:06,17/04/21 11:06,megha
96,Dayne,Berneice@linda.biz,17/04/21 11:06,17/04/21 11:06,megha
97,Modesto,Kenyatta@nora.biz,17/04/21 11:06,17/04/21 11:06,megha
98,Bertha,Corbin@will.me,17/04/21 11:07,17/04/21 11:07,nidhi
99,Abby,Javier.Hettinger@pat.com,17/04/21 11:07,17/04/21 11:07,raj
100,Roman,Jailyn@leanne.me,17/04/21 11:07,17/04/21 11:07,raj
101,Joshua,Bryana@elias.ca,17/04/21 11:08,17/04/21 11:08,ajay
102,Cristina,Lourdes@carrie.net,17/04/21 11:10,17/04/21 11:10,ajay
103,Vito,Jermain@wellington.com,17/04/21 11:11,17/04/21 11:11,megha
104,Retha,Rosemary@simone.me,17/04/21 11:11,17/04/21 11:11,megha
105,Sadie,Willard.Farrell@heather.tv,17/04/21 11:11,17/04/21 11:11,megha
106,Bruce,Pasquale_Hyatt@millie.info,17/04/21 11:11,17/04/21 11:11,nidhi
107,Cora,Myrtis.Ritchie@lenna.biz,17/04/21 11:11,17/04/21 11:11,raj
108,Columbus,Drake_Casper@sabina.me,17/04/21 11:12,17/04/21 11:12,ajay
109,Julio,Brett.Carter@cassandre.org,17/04/21 11:12,17/04/21 11:12,ravi
110,Delfina,Hettie@velva.com,17/04/21 11:13,17/04/21 11:13,raj
111,Lori,Chaim@coty.us,17/04/21 11:16,17/04/21 11:16,raj
112,Durward,Afton_Goldner@werner.co.uk,17/04/21 11:16,17/04/21 11:16,ajay
113,Quinton,Esmeralda@dock.tv,17/04/21 11:17,17/04/21 11:17,ajay
114,Thelma,Matilda_Hoeger@neha.org,17/04/21 11:21,17/04/21 11:21,ajay
115,Juanita,Trinity@willow.us,17/04/21 11:22,17/04/21 11:22,raj
116,Marlin,Fern@kaleb.name,17/04/21 11:22,17/04/21 11:22,ajay
117,Missouri,Lenna@afton.io,17/04/21 11:22,17/04/21 11:22,raj
118,Ivory,Leonard@jules.net,17/04/21 11:22,17/04/21 11:22,nidhi
119,Renee,Greta@frederik.us,17/04/21 11:24,17/04/21 11:24,raj
120,Jess,Kyler.Lang@ottilie.biz,17/04/21 11:25,17/04/21 11:25,ajay
121,Jayde,Loren@beaulah.net,17/04/21 11:28,17/04/21 11:28,megha
122,Pasquale,Camren.Blick@shakira.com,17/04/21 11:32,17/04/21 11:32,megha
123,Modesta,Darien@fanny.io,17/04/21 11:33,17/04/21 11:33,nidhi
124,Velda,Karine@corrine.ca,17/04/21 11:33,17/04/21 11:33,ajay
125,Gudrun,Joan.Green@devon.ca,17/04/21 11:33,17/04/21 11:33,ajay
126,Janiya,Sydnie.Bogan@euna.co.uk,17/04/21 11:34,17/04/21 11:34,ajay
127,Mariana,Aleen.Stokes@dallas.co.uk,17/04/21 11:34,17/04/21 11:34,ajay
128,Jarret,Lucile.Friesen@lorna.info,17/04/21 11:34,17/04/21 11:34,raj
129,Grayson,Malika@rhea.name,17/04/21 11:34,17/04/21 11:34,ajay
130,Rupert,Reece@salvatore.me,17/04/21 11:34,17/04/21 11:34,ajay
131,Ahmad,Orville_Ortiz@leopold.name,17/04/21 11:35,17/04/21 11:35,ravi
132,Katelynn,Emmitt_Marquardt@terrence.name,17/04/21 11:35,17/04/21 11:35,ajay
133,Dejuan,Mandy@durward.com,17/04/21 11:37,17/04/21 11:37,ajay
134,Marilie,Alexzander.Kertzmann@noemi.us,17/04/21 11:38,17/04/21 11:38,ravi
135,Ora,Kariane@myah.biz,17/04/21 11:38,17/04/21 11:38,ravi
136,Monte,Delphine@judge.biz,17/04/21 11:39,17/04/21 11:39,ajay
137,Caesar,Eliane_Fadel@trey.me,17/04/21 11:44,17/04/21 11:44,raj
138,Ola,Fern@brando.com,17/04/21 11:46,17/04/21 11:46,nidhi
139,Barrett,Crawford@jaquan.biz,17/04/21 11:47,17/04/21 11:47,raj
140,Eryn,Norma.Wilderman@zola.name,17/04/21 11:48,17/04/21 11:48,nidhi
141,Hector,Tressie@sven.ca,17/04/21 11:52,17/04/21 11:52,ajay
142,Theresa,Ulices@travon.biz,17/04/21 11:52,17/04/21 11:52,ajay
143,Antonette,Twila@danika.us,17/04/21 11:52,17/04/21 11:52,ajay
144,Camille,Malachi.Dach@norbert.co.uk,17/04/21 11:52,17/04/21 11:52,megha
145,Mckenna,Kaci@rhea.io,17/04/21 11:53,17/04/21 11:53,ajay
146,Hank,Annie_Lind@dennis.net,17/04/21 11:53,17/04/21 11:53,ajay
147,Leanne,Brayan_Gulgowski@scarlett.me,17/04/21 11:53,17/04/21 11:53,ajay
148,Ezequiel,Alyson_Huels@justice.biz,17/04/21 11:55,17/04/21 11:55,ravi
149,Susan,Bruce_Romaguera@bobby.biz,17/04/21 11:55,17/04/21 11:55,raj
150,Candido,Allie@delta.info,17/04/21 11:57,17/04/21 11:57,nidhi
151,Russ,Etha_Wisoky@delphia.me,17/04/21 11:58,17/04/21 11:58,raj
152,Nedra,Khalil@nicolas.tv,17/04/21 11:59,17/04/21 11:59,raj
153,Carson,Teagan.Miller@kailyn.org,17/04/21 11:59,17/04/21 11:59,ajay
154,Lysanne,Cecilia@izabella.io,17/04/21 11:59,17/04/21 11:59,raj
155,Alana,Nellie_Veum@luigi.biz,17/04/21 11:59,17/04/21 11:59,raj
156,Craig,Nella@carmen.us,17/04/21 12:00,17/04/21 12:00,ravi
157,Okey,Jose@janiya.biz,17/04/21 12:01,17/04/21 12:01,megha
158,Nicolette,Dawn_Schowalter@will.net,17/04/21 12:01,17/04/21 12:01,nidhi
159,Jed,Jed@reta.com,17/04/21 12:02,17/04/21 12:02,raj
160,Zechariah,Abigale_Lakin@bruce.me,17/04/21 12:06,17/04/21 12:06,megha
161,Salvador,Aliyah@lance.tv,17/04/21 12:06,17/04/21 12:06,nidhi
162,Emiliano,Magali@myrtice.biz,17/04/21 12:06,17/04/21 12:06,ravi
163,Kameron,Jean_Smitham@domingo.com,17/04/21 12:06,17/04/21 12:06,megha
164,Astrid,Morris@joyce.us,17/04/21 12:08,17/04/21 12:08,megha
165,Rudy,Theresa.Swaniawski@maia.net,17/04/21 12:08,17/04/21 12:08,megha
166,Crystel,Eliseo@madisen.me,17/04/21 12:08,17/04/21 12:08,ravi
167,Ramona,Aiden@madilyn.biz,17/04/21 12:08,17/04/21 12:08,ravi
168,Granville,Shawna@royal.tv,17/04/21 12:08,17/04/21 12:08,raj
169,Norval,Lorenza.Tillman@raegan.biz,17/04/21 12:09,17/04/21 12:09,ajay
170,Rubie,Brandy_Kessler@lionel.tv,17/04/21 12:09,17/04/21 12:09,nidhi
171,Reggie,Bailey.Denesik@bell.ca,17/04/21 12:09,17/04/21 12:09,ajay
172,Lucious,Holly@adriel.ca,17/04/21 12:10,17/04/21 12:10,ravi
173,Scotty,Branson@mavis.org,17/04/21 12:10,17/04/21 12:10,raj
174,Missouri,Alene@wilmer.name,17/04/21 12:10,17/04/21 12:10,ravi
175,Nicolette,Westley@trinity.info,17/04/21 12:11,17/04/21 12:11,raj
176,Jasen,Ricky@nora.name,17/04/21 12:11,17/04/21 12:11,megha
177,Lue,Lora@mathilde.ca,17/04/21 12:11,17/04/21 12:11,ajay
178,Rod,Josiah_Koepp@cortney.co.uk,17/04/21 12:11,17/04/21 12:11,ajay
179,Nicola,Nia_Rosenbaum@odie.biz,17/04/21 12:11,17/04/21 12:11,megha
180,Addie,Flavio@rosalia.name,17/04/21 12:12,17/04/21 12:12,megha
181,Sammy,Rasheed@kavon.co.uk,17/04/21 12:12,17/04/21 12:12,ajay
182,Durward,Quinn@letha.biz,17/04/21 12:12,17/04/21 12:12,nidhi
183,Gino,Eryn@helena.com,17/04/21 12:13,17/04/21 12:13,ajay
184,Arely,Magali_Kulas@maximillia.org,17/04/21 12:13,17/04/21 12:13,raj
185,Cordia,Isac.Wehner@michael.us,17/04/21 12:14,17/04/21 12:14,megha
186,Clarabelle,Estevan@cordelia.us,17/04/21 12:14,17/04/21 12:14,ajay
187,Elta,Pierce_Bergstrom@tomasa.us,17/04/21 12:14,17/04/21 12:14,megha
188,Toney,Dominique@rosetta.ca,17/04/21 12:15,17/04/21 12:15,ajay
189,Audrey,Mateo_Hackett@tressa.biz,17/04/21 12:15,17/04/21 12:15,ravi
190,Lesley,Bella@lorna.name,17/04/21 12:15,17/04/21 12:15,raj
191,Eloisa,Elliott.Rempel@brice.io,17/04/21 12:15,17/04/21 12:15,ajay
192,Odessa,Golda@marion.name,17/04/21 12:16,17/04/21 12:16,raj
193,Buck,Cleo@may.us,17/04/21 12:16,17/04/21 12:16,ajay
194,Paige,Ramon@rigoberto.biz,17/04/21 12:17,17/04/21 12:17,ajay
195,Mathias,Dejah_Jones@deanna.biz,17/04/21 12:17,17/04/21 12:17,megha
196,Bridget,Randy@jan.us,17/04/21 12:18,17/04/21 12:18,raj
197,Green,Alessandro.Funk@kaci.net,17/04/21 12:19,17/04/21 12:19,ravi
198,Freddie,Vicenta.Labadie@andres.co.uk,17/04/21 12:20,17/04/21 12:20,raj
199,Ferne,Maureen_Rogahn@rafael.net,17/04/21 12:20,17/04/21 12:20,megha
200,Ana,Carli@carley.ca,17/04/21 12:21,17/04/21 12:21,ajay
201,Tito,Dahlia_Boehm@lloyd.net,17/04/21 12:21,17/04/21 12:21,megha
202,Araceli,Madyson@viva.name,17/04/21 12:23,17/04/21 12:23,nidhi
203,Lilliana,Raina_Corwin@nayeli.me,17/04/21 12:23,17/04/21 12:23,ajay
204,Mattie,Israel@ezekiel.org,17/04/21 12:26,17/04/21 12:26,raj
205,Elvis,Morgan@camryn.tv,17/04/21 12:26,17/04/21 12:26,ajay
206,Tamia,Candice.Schmitt@camryn.org,17/04/21 12:27,17/04/21 12:27,nidhi
207,Leann,Zoie@shanel.us,17/04/21 12:27,17/04/21 12:27,megha
208,Chase,Bryana_Legros@isobel.net,17/04/21 12:27,17/04/21 12:27,megha
209,Delilah,Emerson_Hagenes@drake.io,17/04/21 12:29,17/04/21 12:29,ajay
210,Darrin,Constance@stephany.com,17/04/21 12:29,17/04/21 12:29,megha
211,Lia,Edwin@ebony.io,17/04/21 12:29,17/04/21 12:29,ajay
212,Landen,Adah@humberto.net,17/04/21 12:30,17/04/21 12:30,raj
213,Gerard,Gunnar.Will@monserrat.me,17/04/21 12:30,17/04/21 12:30,megha
214,Brycen,Bridgette_Stoltenberg@keegan.us,17/04/21 12:30,17/04/21 12:30,megha
215,Kayden,Maxime@johnny.info,17/04/21 12:31,17/04/21 12:31,megha
216,River,Toy@bill.io,17/04/21 12:31,17/04/21 12:31,raj
217,Louvenia,Lukas@armand.ca,17/04/21 12:31,17/04/21 12:31,raj
218,Macie,Americo@berta.co.uk,17/04/21 12:31,17/04/21 12:31,raj
219,Angel,Blake@roel.com,17/04/21 12:32,17/04/21 12:32,megha
220,Kieran,Nicole@darion.co.uk,17/04/21 12:32,17/04/21 12:32,ravi
221,Christ,Jody@wilson.info,17/04/21 12:32,17/04/21 12:32,ajay
222,Erin,Alia@lambert.io,17/04/21 12:32,17/04/21 12:32,ajay
223,Adrianna,Gideon_Hodkiewicz@octavia.com,17/04/21 12:33,17/04/21 12:33,raj
224,Brook,Agustin@maddison.ca,17/04/21 12:35,17/04/21 12:35,ajay
225,Maymie,Henri@creola.biz,17/04/21 12:35,17/04/21 12:35,megha
226,Blair,Otho@danny.us,17/04/21 12:36,17/04/21 12:36,ajay
227,Susan,Judge.Greenfelder@yasmeen.io,17/04/21 12:37,17/04/21 12:37,ravi
228,Elfrieda,Yasmine@raul.biz,17/04/21 12:37,17/04/21 12:37,megha
229,Devonte,Heather@filomena.biz,17/04/21 12:37,17/04/21 12:37,megha
230,Winifred,Jaclyn_Wilderman@kimberly.name,17/04/21 12:40,17/04/21 12:40,megha
231,Travon,Bethany@eldon.biz,17/04/21 12:40,17/04/21 12:40,ravi
232,Emmie,Laurianne@cara.tv,17/04/21 12:40,17/04/21 12:40,nidhi
233,Magali,Jerrod_Hegmann@tyrese.ca,17/04/21 12:41,17/04/21 12:41,nidhi
234,Evelyn,Angelo_Huel@carmel.org,17/04/21 12:43,17/04/21 12:43,nidhi
235,Maeve,Tyrese_Bauch@rosario.co.uk,17/04/21 12:45,17/04/21 12:45,megha
236,Ismael,Bertha.Swift@mary.us,17/04/21 12:45,17/04/21 12:45,ajay
237,Elvis,Earnestine.Bergstrom@yadira.net,17/04/21 12:45,17/04/21 12:45,raj
238,Troy,Newell@ollie.me,17/04/21 12:46,17/04/21 12:46,raj
239,Vena,Friedrich.Frami@bertrand.com,17/04/21 12:46,17/04/21 12:46,ravi
240,Serena,Felicity.Hammes@juliet.io,17/04/21 12:47,17/04/21 12:47,ajay
241,Louisa,Hilbert@dallin.com,17/04/21 12:48,17/04/21 12:48,ajay
242,Antwon,Brice@curtis.biz,17/04/21 12:49,17/04/21 12:49,megha
243,Alisha,Katarina.Schuster@orlando.name,17/04/21 12:50,17/04/21 12:50,megha
244,Maryse,Una.Feest@rasheed.net,17/04/21 12:50,17/04/21 12:50,ravi
245,Zoey,Viva.Torp@cheyanne.io,17/04/21 12:52,17/04/21 12:52,ajay
246,Cleo,Jettie.Schimmel@audie.ca,17/04/21 12:52,17/04/21 12:52,megha
247,Emmitt,Vesta.Lind@porter.ca,17/04/21 12:52,17/04/21 12:52,ravi
248,Crystel,Berniece@henri.com,17/04/21 12:53,17/04/21 12:53,megha
249,Belle,Adolf@lessie.me,17/04/21 12:53,17/04/21 12:53,ajay
250,Coty,Uriel@eleazar.biz,17/04/21 12:53,17/04/21 12:53,raj
251,Ebony,Jairo.Ward@guiseppe.info,17/04/21 12:54,17/04/21 12:54,ajay
252,Robert,Omer@kaylee.tv,17/04/21 12:55,17/04/21 12:55,megha
253,Isai,Randi@zul.com,17/04/21 12:57,17/04/21 12:57,ravi
254,Guiseppe,Samara@nathaniel.biz,17/04/21 12:57,17/04/21 12:57,megha
255,Jamar,Rebeka@newton.tv,17/04/21 12:57,17/04/21 12:57,megha
256,Barney,Missouri.Schulist@duane.me,17/04/21 12:59,17/04/21 12:59,nidhi
257,Gennaro,Lonny@holden.co.uk,17/04/21 13:01,17/04/21 13:01,ajay
258,Jayson,Gregoria@cleta.co.uk,17/04/21 13:01,17/04/21 13:01,ajay
259,Kennedi,Bridie.Gerhold@hector.us,17/04/21 13:01,17/04/21 13:01,nidhi
260,Eugene,Jerrold_Reichert@lemuel.me,17/04/21 13:01,17/04/21 13:01,megha
261,Rachel,Jerod@ansel.ca,17/04/21 13:02,17/04/21 13:02,raj
262,Ezequiel,Felton@gabe.us,17/04/21 13:02,17/04/21 13:02,megha
263,Herminia,Antoinette@maye.org,17/04/21 13:02,17/04/21 13:02,nidhi
264,Lilliana,Rozella.Hackett@ocie.me,17/04/21 13:03,17/04/21 13:03,ajay
265,Judy,Emile_Bogisich@alexie.net,17/04/21 13:04,17/04/21 13:04,raj
266,Alba,Marge@zoie.co.uk,17/04/21 13:05,17/04/21 13:05,ajay
267,Kory,Lambert_Swift@shany.name,17/04/21 13:05,17/04/21 13:05,ajay
268,Ansley,Candido_Jenkins@shad.io,17/04/21 13:06,17/04/21 13:06,ajay
269,Jess,Sandra@arlo.io,17/04/21 13:08,17/04/21 13:08,nidhi
270,Mabel,Elliot@shakira.net,17/04/21 13:08,17/04/21 13:08,ajay
271,Bertrand,Kaitlyn.Kohler@justus.net,17/04/21 13:08,17/04/21 13:08,ajay
272,Herman,Electa.Mann@jocelyn.us,17/04/21 13:09,17/04/21 13:09,megha
273,Lila,Jamel.Hoeger@zachary.biz,17/04/21 13:09,17/04/21 13:09,megha
274,Demarco,Vicente.Roob@gaston.biz,17/04/21 13:14,17/04/21 13:14,raj
275,Marcelino,Axel_Parisian@cory.org,17/04/21 13:14,17/04/21 13:14,ajay
276,Johann,Elta_Kunze@krystina.ca,17/04/21 13:14,17/04/21 13:14,megha
277,Taryn,Jewell.Bashirian@bernie.ca,17/04/21 13:14,17/04/21 13:14,megha
278,Kathlyn,Ana@lurline.co.uk,17/04/21 13:15,17/04/21 13:15,raj
279,Geovany,Ebba_Casper@alexane.net,17/04/21 13:15,17/04/21 13:15,raj
280,Jason,Amir@niko.name,17/04/21 13:15,17/04/21 13:15,megha
281,Ubaldo,Nora.Treutel@wiley.co.uk,17/04/21 13:15,17/04/21 13:15,megha
282,Alice,Marcelina_Schimmel@kendrick.name,17/04/21 13:15,17/04/21 13:15,raj
283,Aubrey,Joel_Prosacco@samantha.us,17/04/21 13:16,17/04/21 13:16,raj
284,Grayson,Linnea@jeffrey.tv,17/04/21 13:16,17/04/21 13:16,nidhi
285,Salvatore,Napoleon@kameron.info,17/04/21 13:16,17/04/21 13:16,megha
286,Edgar,Angela_Kub@jefferey.name,17/04/21 13:17,17/04/21 13:17,raj
287,Judson,Nicholaus.Smith@zackary.org,17/04/21 13:18,17/04/21 13:18,ajay
288,Alaina,Angel@russ.com,17/04/21 13:18,17/04/21 13:18,nidhi
289,Rosella,Elias@estell.co.uk,17/04/21 13:18,17/04/21 13:18,ajay
290,Francesco,Valentine_Wolff@brandy.ca,17/04/21 13:19,17/04/21 13:19,ajay
291,Carlos,Vesta@deondre.biz,17/04/21 13:20,17/04/21 13:20,megha
292,Felix,Whitney@keenan.ca,17/04/21 13:20,17/04/21 13:20,megha
293,Tristian,Arvilla.Anderson@dedric.com,17/04/21 13:20,17/04/21 13:20,ajay
294,Juston,Geovany_Effertz@zetta.us,17/04/21 13:21,17/04/21 13:21,nidhi
295,Mallie,Zelma@lindsey.com,17/04/21 13:22,17/04/21 13:22,megha
296,Dayne,Isobel@jessie.net,17/04/21 13:23,17/04/21 13:23,ajay
297,Modesto,Gilberto.Veum@ronny.com,17/04/21 13:24,17/04/21 13:24,ajay
298,Bertha,Irving@carter.com,17/04/21 13:25,17/04/21 13:25,megha
299,Abby,Jerrold.Treutel@kennedy.biz,17/04/21 13:26,17/04/21 13:26,ravi
300,Roman,Garnett@minerva.biz,17/04/21 13:26,17/04/21 13:26,ravi
301,Joshua,Abigale@nova.us,17/04/21 13:26,17/04/21 13:26,nidhi
302,Cristina,Prince_Grady@richmond.ca,17/04/21 13:27,17/04/21 13:27,nidhi
303,Vito,Brad_Parisian@orpha.io,17/04/21 13:27,17/04/21 13:27,ajay
304,Retha,Narciso_Jast@royal.org,17/04/21 13:27,17/04/21 13:27,ajay
305,Sadie,Emanuel.Jakubowski@desmond.ca,17/04/21 13:27,17/04/21 13:27,ajay
306,Bruce,Cleo@jerod.io,17/04/21 13:27,17/04/21 13:27,raj
307,Cora,Chester@madison.us,17/04/21 13:29,17/04/21 13:29,ravi
308,Columbus,Hugh@cyril.net,17/04/21 13:29,17/04/21 13:29,nidhi
309,Julio,Brianne@destin.co.uk,17/04/21 13:29,17/04/21 13:29,megha
310,Delfina,Davion@ubaldo.com,17/04/21 13:29,17/04/21 13:29,ravi
311,Lori,Jaime.Schinner@jaren.us,17/04/21 13:30,17/04/21 13:30,ravi
312,Durward,Liliane_Lueilwitz@cecelia.net,17/04/21 13:33,17/04/21 13:33,raj
313,Quinton,Valentine.OConnell@vada.info,17/04/21 13:33,17/04/21 13:33,ajay
314,Thelma,Susie.Barton@einar.info,17/04/21 13:33,17/04/21 13:33,ajay
315,Juanita,Cielo@ivah.io,17/04/21 13:33,17/04/21 13:33,ravi
316,Marlin,Rachelle_Dietrich@thalia.co.uk,17/04/21 13:34,17/04/21 13:34,nidhi
317,Missouri,Caterina@marietta.com,17/04/21 13:34,17/04/21 13:34,megha
318,Ivory,Bonita.Hoppe@katlynn.net,17/04/21 13:34,17/04/21 13:34,raj
319,Renee,Melyssa@chandler.co.uk,17/04/21 13:35,17/04/21 13:35,ravi
320,Jess,Allen_Lindgren@tamara.org,17/04/21 13:35,17/04/21 13:35,raj
321,Jayde,Jabari@dangelo.io,17/04/21 13:35,17/04/21 13:35,ajay
322,Pasquale,Jermaine_Dach@stephania.us,17/04/21 13:36,17/04/21 13:36,megha
323,Modesta,Rosie@alvina.info,17/04/21 13:37,17/04/21 13:37,megha
324,Velda,Chandler.Schumm@reilly.net,17/04/21 13:37,17/04/21 13:37,nidhi
325,Gudrun,Brant.Mertz@izaiah.net,17/04/21 13:38,17/04/21 13:38,nidhi
326,Janiya,Timothy@travon.org,17/04/21 13:39,17/04/21 13:39,nidhi
327,Mariana,Mateo_Block@dayana.biz,17/04/21 13:39,17/04/21 13:39,raj
328,Jarret,Morton_Romaguera@allan.net,17/04/21 13:41,17/04/21 13:41,ravi
329,Grayson,Loraine.Jakubowski@virgil.com,17/04/21 13:41,17/04/21 13:41,raj
330,Rupert,Chadrick_Lockman@grayson.biz,17/04/21 13:44,17/04/21 13:44,ajay
331,Ahmad,Marie@thomas.net,17/04/21 13:44,17/04/21 13:44,megha
332,Katelynn,Taurean@elyssa.ca,17/04/21 13:44,17/04/21 13:44,ajay
333,Dejuan,Birdie@willie.me,17/04/21 13:44,17/04/21 13:44,ajay
334,Marilie,Jovany_Kertzmann@jada.us,17/04/21 13:45,17/04/21 13:45,megha
335,Ora,Raquel.OReilly@jon.io,17/04/21 13:46,17/04/21 13:46,megha
336,Monte,Casey.Russel@beau.us,17/04/21 13:46,17/04/21 13:46,ajay
337,Caesar,Luigi.Abbott@athena.ca,17/04/21 13:48,17/04/21 13:48,ravi
338,Ola,Emelia_Douglas@meredith.name,17/04/21 13:48,17/04/21 13:48,raj
339,Barrett,Halie@justen.org,17/04/21 13:49,17/04/21 13:49,ravi
340,Eryn,Elaina.Miller@dayne.ca,17/04/21 13:52,17/04/21 13:52,raj
341,Hector,Kaleigh_Runolfsson@javier.us,17/04/21 13:53,17/04/21 13:53,raj
342,Theresa,Devin@wilma.net,17/04/21 13:53,17/04/21 13:53,raj
343,Antonette,Norberto_Jones@della.com,17/04/21 13:53,17/04/21 13:53,raj
344,Camille,Della@adrain.info,17/04/21 13:54,17/04/21 13:54,ajay
345,Mckenna,Jennifer@cathy.net,17/04/21 13:56,17/04/21 13:56,nidhi
346,Hank,Robin.Ziemann@kory.net,17/04/21 13:56,17/04/21 13:56,ajay
347,Leanne,Israel.Romaguera@reuben.tv,17/04/21 13:58,17/04/21 13:58,nidhi
348,Ezequiel,Rylan_Haley@jamison.ca,17/04/21 13:58,17/04/21 13:58,ajay
349,Susan,Bud.Luettgen@murl.biz,17/04/21 13:58,17/04/21 13:58,megha
350,Candido,Loyce@emmett.info,17/04/21 13:59,17/04/21 13:59,raj
351,Russ,Ulises@torrey.biz,17/04/21 14:01,17/04/21 14:01,ravi
352,Nedra,Thelma.Bergnaum@stephon.io,17/04/21 14:06,17/04/21 14:06,ravi
353,Carson,Clint@meta.io,17/04/21 14:06,17/04/21 14:06,nidhi
354,Lysanne,Domenick@aimee.name,17/04/21 14:06,17/04/21 14:06,ravi
355,Alana,Vince_Guann@clinton.biz,17/04/21 14:06,17/04/21 14:06,ravi
356,Craig,Antonio.Tremblay@dewitt.net,17/04/21 14:06,17/04/21 14:06,megha
357,Okey,Wilfred.Herman@miller.ca,17/04/21 14:07,17/04/21 14:07,ajay
358,Nicolette,Kimberly@danielle.tv,17/04/21 14:07,17/04/21 14:07,ravi
359,Jed,Corene_Hermiston@laney.io,17/04/21 14:10,17/04/21 14:10,ravi
360,Zechariah,Neoma.Mueller@lora.io,17/04/21 14:10,17/04/21 14:10,ajay
361,Salvador,Cole@theodore.name,17/04/21 14:11,17/04/21 14:11,raj
362,Emiliano,Audie_Baumbach@coy.org,17/04/21 14:11,17/04/21 14:11,megha
363,Kameron,Dan_Kautzer@katarina.biz,17/04/21 14:13,17/04/21 14:13,megha
364,Astrid,Gladys_Bechtelar@virgil.net,17/04/21 14:15,17/04/21 14:15,ajay
365,Rudy,Kayli_Barrows@gunner.info,17/04/21 14:17,17/04/21 14:17,ajay
366,Crystel,Camila@cierra.name,17/04/21 14:17,17/04/21 14:17,ajay
367,Ramona,Delphia.Breitenberg@heidi.tv,17/04/21 14:17,17/04/21 14:17,megha
368,Granville,May.White@lennie.org,17/04/21 14:17,17/04/21 14:17,ravi
369,Norval,Velva.Harvey@susie.tv,17/04/21 14:19,17/04/21 14:19,nidhi
370,Rubie,Liana@sheridan.net,17/04/21 14:19,17/04/21 14:19,megha
371,Reggie,Eliezer_Kris@eusebio.net,17/04/21 14:20,17/04/21 14:20,nidhi
372,Lucious,Lane_Goldner@yvonne.tv,17/04/21 14:21,17/04/21 14:21,megha
373,Scotty,April@demetrius.me,17/04/21 14:21,17/04/21 14:21,ravi
374,Missouri,Karson@norris.co.uk,17/04/21 14:22,17/04/21 14:22,ajay
375,Nicolette,Aida_Lehner@maryse.org,17/04/21 14:23,17/04/21 14:23,megha
376,Jasen,Audie_Cormier@modesta.me,17/04/21 14:23,17/04/21 14:23,ajay
377,Lue,Wilburn.Miller@estefania.biz,17/04/21 14:23,17/04/21 14:23,nidhi
378,Rod,Reilly@casimer.me,17/04/21 14:23,17/04/21 14:23,nidhi
379,Nicola,Ruthe.Erdman@augusta.us,17/04/21 14:24,17/04/21 14:24,ajay
380,Addie,Thurman_Braun@rosalinda.us,17/04/21 14:25,17/04/21 14:25,ajay
381,Sammy,Brain@adolphus.net,17/04/21 14:25,17/04/21 14:25,nidhi
382,Durward,Sadie_Hackett@arvilla.org,17/04/21 14:25,17/04/21 14:25,ravi
383,Gino,Sibyl@alvena.io,17/04/21 14:25,17/04/21 14:25,nidhi
384,Arely,Jenifer_Schoen@davin.net,17/04/21 14:25,17/04/21 14:25,ravi
385,Cordia,Dahlia.Cartwright@francesca.ca,17/04/21 14:26,17/04/21 14:26,ajay
386,Clarabelle,Bennie@jasmin.us,17/04/21 14:26,17/04/21 14:26,raj
387,Elta,Justice.Funk@jamey.co.uk,17/04/21 14:29,17/04/21 14:29,megha
388,Toney,Murphy.Koelpin@tia.me,17/04/21 14:31,17/04/21 14:31,nidhi
389,Audrey,Ashly@florence.biz,17/04/21 14:31,17/04/21 14:31,megha
390,Lesley,Margret.Rippin@jeanne.net,17/04/21 14:33,17/04/21 14:33,ravi
391,Eloisa,Ignacio_Lehner@beulah.me,17/04/21 14:34,17/04/21 14:34,nidhi
392,Odessa,Marshall@zane.ca,17/04/21 14:34,17/04/21 14:34,ravi
393,Buck,Baron@jaylon.biz,17/04/21 14:37,17/04/21 14:37,nidhi
394,Paige,Kristina@colby.com,17/04/21 14:37,17/04/21 14:37,nidhi
395,Mathias,Mafalda@elizabeth.ca,17/04/21 14:38,17/04/21 14:38,ajay
396,Bridget,Yasmine.Wintheiser@alva.co.uk,17/04/21 14:41,17/04/21 14:41,ravi
397,Green,Deangelo@paris.co.uk,17/04/21 14:41,17/04/21 14:41,megha
398,Freddie,Herbert_Waters@marge.co.uk,17/04/21 14:43,17/04/21 14:43,ravi
399,Ferne,Mandy_Skiles@maxine.ca,17/04/21 14:44,17/04/21 14:44,ajay
400,Ana,Francesco_Goyette@louisa.net,17/04/21 14:45,17/04/21 14:45,nidhi
